{"code-base-name": "todo_frontend", "description": "", "sources": [{"code-base-name": "todo_frontend", "file_id": 1, "knowledge_revision": 2, "git_revision": "0f0977df5ba085e19b461afad9a68e1544c45f76"}, {"code-base-name": "todo_frontend", "file_id": 11, "knowledge_revision": 8, "git_revision": "a62cfc9267aa473c9c994c405c8ac908dc35fc94"}, {"code-base-name": "todo_frontend", "file_id": 8, "knowledge_revision": 4, "git_revision": ""}, {"code-base-name": "todo_frontend", "file_id": 4, "knowledge_revision": 25, "git_revision": "a62cfc9267aa473c9c994c405c8ac908dc35fc94"}, {"code-base-name": "todo_frontend", "file_id": 5, "knowledge_revision": 3, "git_revision": ""}, {"code-base-name": "todo_frontend", "file_id": 2, "knowledge_revision": 24, "git_revision": "a62cfc9267aa473c9c994c405c8ac908dc35fc94"}, {"code-base-name": "todo_frontend", "file_id": 9, "knowledge_revision": 5, "git_revision": ""}], "filename": "README.md", "knowledge_revision": 25}