{"is_source_file": true, "format": "JavaScript (React JSX)", "description": "Entry point for the React application, responsible for rendering the root component into the DOM.", "external_files": ["./index.css", "./App"], "external_methods": ["ReactDOM.createRoot", "root.render"], "published": [], "classes": [], "methods": [], "calls": ["ReactDOM.createRoot", "root.render"], "search-terms": ["React", "ReactDOM", "index.js", "entry point", "render"], "state": 2, "file_id": 2, "knowledge_revision": 24, "git_revision": "a62cfc9267aa473c9c994c405c8ac908dc35fc94", "ctags": [{"_type": "tag", "name": "root", "path": "/home/kavia/workspace/code-generation/simple-todo-list-203979-203988/todo_frontend/src/index.js", "pattern": "/^const root = ReactDOM.createRoot(document.getElementById('root'));$/", "language": "JavaScript", "kind": "constant"}], "hash": "9fc5841375336fc175b49f8767a11383", "format-version": 4, "code-base-name": "todo_frontend", "filename": "todo_frontend/src/index.js", "revision_history": [{"24": "a62cfc9267aa473c9c994c405c8ac908dc35fc94"}]}