{"is_source_file": true, "format": "JavaScript (React JSX)", "description": "This file defines the main React component for a simple to-do list application frontend. It implements a theme toggle button that switches between light and dark themes, and renders a basic UI with logo, instructions, and a link to React documentation.", "external_files": ["./logo.svg", "./App.css"], "external_methods": ["React.useState", "React.useEffect"], "published": ["App"], "classes": [], "methods": [{"name": "App()", "description": "Main React functional component that manages theme state and renders UI elements including theme toggle button, logo, instructions, and link.", "scope": "", "scopeKind": ""}, {"name": "toggleTheme", "description": "Function to switch theme state between 'light' and 'dark'."}], "calls": ["document.documentElement.setAttribute", "setTheme", "useState", "useEffect"], "search-terms": ["React", "theme toggle", "App component", "useState", "useEffect", "dark mode", "light mode"], "state": 2, "file_id": 4, "knowledge_revision": 25, "git_revision": "a62cfc9267aa473c9c994c405c8ac908dc35fc94", "ctags": [{"_type": "tag", "name": "App", "path": "/home/kavia/workspace/code-generation/simple-todo-list-203979-203988/todo_frontend/src/App.js", "pattern": "/^function App() {$/", "language": "JavaScript", "kind": "function", "signature": "()"}, {"_type": "tag", "name": "Switch to ${theme === 'light' ? 'dark' : 'light'} mode", "path": "/home/kavia/workspace/code-generation/simple-todo-list-203979-203988/todo_frontend/src/App.js", "pattern": "/^          aria-label={`Switch to ${theme === 'light' ? 'dark' : 'light'} mode`}$/", "language": "JavaScript", "kind": "field", "scope": "App.aria", "scopeKind": "class"}, {"_type": "tag", "name": "toggleTheme", "path": "/home/kavia/workspace/code-generation/simple-todo-list-203979-203988/todo_frontend/src/App.js", "pattern": "/^          onClick={toggleTheme}$/", "language": "JavaScript", "kind": "field", "scope": "App.onClick", "scopeKind": "class"}], "hash": "b55dd9e6a018e59207d8e277dffd9e11", "format-version": 4, "code-base-name": "todo_frontend", "filename": "todo_frontend/src/App.js", "fields": [{"name": "aria-label={`Switch to ${theme === 'light' ? 'dark' : 'light'} mode`}", "scope": "App.aria", "scopeKind": "class", "description": "unavailable"}, {"name": "onClick={toggleTheme}", "scope": "App.onClick", "scopeKind": "class", "description": "unavailable"}], "revision_history": [{"25": "a62cfc9267aa473c9c994c405c8ac908dc35fc94"}]}