{"is_source_file": true, "format": "JavaScript (React/JSX)", "description": "This file defines a React component named 'App' which implements a simple Todo list application with features like theme toggling, task addition, editing, completion toggling, and persistence via localStorage.", "external_files": ["./App.css"], "external_methods": ["window.localStorage.getItem", "window.localStorage.setItem", "window.crypto.randomUUID", "window.crypto"], "published": ["App"], "classes": [], "methods": [{"name": "App()", "description": "Main React functional component implementing the Todo app UI and behavior.", "parameters": [], "scope": "", "scopeKind": ""}, {"name": "toggleTheme", "description": "Switches between 'light' and 'dark' themes."}, {"name": "normalizeTitle", "description": "Sanitizes and trims the input title string."}, {"name": "generateId", "description": "Generates a unique identifier for new todos, using crypto if available."}, {"name": "addTodo", "description": "Creates a new todo item and adds it to the state."}, {"name": "startEdit", "description": "Enters editing mode for a specified todo."}, {"name": "cancelEdit", "description": "Cancels editing mode."}, {"name": "saveEdit", "description": "Saves the changes made in editing mode to the corresponding todo."}, {"name": "deleteTodo", "description": "Removes a specified todo from the list."}, {"name": "toggleCompleted", "description": "Toggles the completed status of a specific todo."}, {"name": "clearCompleted", "description": "Removes all completed todos from the list."}, {"name": "onAddKeyDown", "description": "Handles key down events on the new task input, adding task on Enter."}, {"name": "onEditKeyDown", "description": "Handles key events in the edit input, saving or canceling."}], "calls": ["setTheme", "setTodos", "window.localStorage.setItem", "window.localStorage.getItem", "JSON.parse", "JSON.stringify", "useEffect", "useMemo", "useRef", "useState", "document.documentElement.setAttribute", "window.crypto.randomUUID", "window.crypto"], "search-terms": ["React Todo list", "localStorage persistence", "theme toggling", "edit task", "delete task", "task filtering", "task ID generation"], "state": 2, "file_id": 4, "knowledge_revision": 27, "git_revision": "a62cfc9267aa473c9c994c405c8ac908dc35fc94", "revision_history": [{"25": "a62cfc9267aa473c9c994c405c8ac908dc35fc94"}, {"27": "a62cfc9267aa473c9c994c405c8ac908dc35fc94"}], "ctags": [{"_type": "tag", "name": "App", "path": "/home/kavia/workspace/code-generation/simple-todo-list-203979-203988/todo_frontend/src/App.js", "pattern": "/^function App() {$/", "language": "JavaScript", "kind": "function", "signature": "()"}, {"_type": "tag", "name": "STORAGE_KEYS", "path": "/home/kavia/workspace/code-generation/simple-todo-list-203979-203988/todo_frontend/src/App.js", "pattern": "/^const STORAGE_KEYS = {$/", "language": "JavaScript", "kind": "class"}, {"_type": "tag", "name": "Switch to ${theme === \"light\" ? \"dark\" : \"light\"} mode", "path": "/home/kavia/workspace/code-generation/simple-todo-list-203979-203988/todo_frontend/src/App.js", "pattern": "/^          aria-label={`Switch to ${theme === \"light\" ? \"dark\" : \"light\"} mode`}$/", "language": "JavaScript", "kind": "field", "scope": "App.aria", "scopeKind": "class"}, {"_type": "tag", "name": "addInputRef", "path": "/home/kavia/workspace/code-generation/simple-todo-list-203979-203988/todo_frontend/src/App.js", "pattern": "/^              ref={addInputRef}$/", "language": "JavaScript", "kind": "field", "scope": "App.ref", "scopeKind": "class"}, {"_type": "tag", "name": "addTodo", "path": "/home/kavia/workspace/code-generation/simple-todo-list-203979-203988/todo_frontend/src/App.js", "pattern": "/^              onClick={addTodo}$/", "language": "JavaScript", "kind": "field", "scope": "App.onClick", "scopeKind": "class"}, {"_type": "tag", "name": "clearCompleted", "path": "/home/kavia/workspace/code-generation/simple-todo-list-203979-203988/todo_frontend/src/App.js", "pattern": "/^              onClick={clearCompleted}$/", "language": "JavaScript", "kind": "field", "scope": "onClick", "scopeKind": "class"}, {"_type": "tag", "name": "id", "path": "/home/kavia/workspace/code-generation/simple-todo-list-203979-203988/todo_frontend/src/App.js", "pattern": "/^    const todo = { id: generateId(), title, completed: false, createdAt: now };$/", "language": "JavaScript", "kind": "property", "scope": "App.todo", "scopeKind": "class"}, {"_type": "tag", "name": "newTitle", "path": "/home/kavia/workspace/code-generation/simple-todo-list-203979-203988/todo_frontend/src/App.js", "pattern": "/^              value={newTitle}$/", "language": "JavaScript", "kind": "field", "scope": "App.value", "scopeKind": "class"}, {"_type": "tag", "name": "onAddKeyDown", "path": "/home/kavia/workspace/code-generation/simple-todo-list-203979-203988/todo_frontend/src/App.js", "pattern": "/^              onKeyDown={onAddKeyDown}$/", "language": "JavaScript", "kind": "field", "scope": "App.onKeyDown", "scopeKind": "class"}, {"_type": "tag", "name": "theme", "path": "/home/kavia/workspace/code-generation/simple-todo-list-203979-203988/todo_frontend/src/App.js", "pattern": "/^  theme: \"todo_app_theme_v1\",$/", "language": "JavaScript", "kind": "property", "scope": "STORAGE_KEYS", "scopeKind": "class"}, {"_type": "tag", "name": "title", "path": "/home/kavia/workspace/code-generation/simple-todo-list-203979-203988/todo_frontend/src/App.js", "pattern": "/^    const todo = { id: generateId(), title, completed: false, createdAt: now };$/", "language": "JavaScript", "kind": "field", "scope": "App.todo", "scopeKind": "class"}, {"_type": "tag", "name": "todo", "path": "/home/kavia/workspace/code-generation/simple-todo-list-203979-203988/todo_frontend/src/App.js", "pattern": "/^    const todo = { id: generateId(), title, completed: false, createdAt: now };$/", "language": "JavaScript", "kind": "class", "scope": "App", "scopeKind": "class"}, {"_type": "tag", "name": "todos", "path": "/home/kavia/workspace/code-generation/simple-todo-list-203979-203988/todo_frontend/src/App.js", "pattern": "/^              disabled={todos.every((t) => !t.completed)}$/", "language": "JavaScript", "kind": "field", "scope": "disabled", "scopeKind": "class"}, {"_type": "tag", "name": "todos", "path": "/home/kavia/workspace/code-generation/simple-todo-list-203979-203988/todo_frontend/src/App.js", "pattern": "/^  todos: \"todo_app_todos_v1\",$/", "language": "JavaScript", "kind": "property", "scope": "STORAGE_KEYS", "scopeKind": "class"}, {"_type": "tag", "name": "toggleTheme", "path": "/home/kavia/workspace/code-generation/simple-todo-list-203979-203988/todo_frontend/src/App.js", "pattern": "/^          onClick={toggleTheme}$/", "language": "JavaScript", "kind": "field", "scope": "App.onClick", "scopeKind": "class"}], "hash": "ac91b280d3a9575d863555ab91fa29a7", "format-version": 4, "code-base-name": "todo_frontend", "filename": "todo_frontend/src/App.js", "fields": [{"name": "aria-label={`Switch to ${theme === \"light\" ? \"dark\" : \"light\"} mode`}", "scope": "App.aria", "scopeKind": "class", "description": "unavailable"}, {"name": "ref={addInputRef}", "scope": "App.ref", "scopeKind": "class", "description": "unavailable"}, {"name": "onClick={addTodo}", "scope": "App.onClick", "scopeKind": "class", "description": "unavailable"}, {"name": "onClick={clearCompleted}", "scope": "onClick", "scopeKind": "class", "description": "unavailable"}, {"name": "const todo = { id: generateId(), title, completed: false, createdAt: now };", "scope": "App.todo", "scopeKind": "class", "description": "unavailable"}, {"name": "value={newTitle}", "scope": "App.value", "scopeKind": "class", "description": "unavailable"}, {"name": "onKeyDown={onAddKeyDown}", "scope": "App.onKeyDown", "scopeKind": "class", "description": "unavailable"}, {"name": "theme: \"todo_app_theme_v1\",", "scope": "STORAGE_KEYS", "scopeKind": "class", "description": "unavailable"}, {"name": "disabled={todos.every((t) => !t.completed)}", "scope": "disabled", "scopeKind": "class", "description": "unavailable"}, {"name": "todos: \"todo_app_todos_v1\",", "scope": "STORAGE_KEYS", "scopeKind": "class", "description": "unavailable"}, {"name": "onClick={toggleTheme}", "scope": "App.onClick", "scopeKind": "class", "description": "unavailable"}]}