{"is_source_file": false, "format": "", "description": "", "external_files": [], "external_methods": [], "published": [], "classes": [], "methods": [], "calls": [], "search-terms": [], "state": 2, "file_id": 5, "knowledge_revision": 28, "git_revision": "a62cfc9267aa473c9c994c405c8ac908dc35fc94", "hash": "d8a802a50531842dbd422ef302390586", "format-version": 4, "code-base-name": "todo_frontend", "filename": "todo_frontend/src/App.css", "revision_history": [{"28": "a62cfc9267aa473c9c994c405c8ac908dc35fc94"}]}