{"is_source_file": false, "format": "", "description": "", "external_files": [], "external_methods": [], "published": [], "classes": [], "methods": [], "calls": [], "search-terms": [], "state": 2, "file_id": 6, "knowledge_revision": 29, "git_revision": "a62cfc9267aa473c9c994c405c8ac908dc35fc94", "hash": "e4d3a9d86518ee9e808a6062079419ce", "format-version": 4, "code-base-name": "todo_frontend", "filename": "todo_frontend/src/index.css", "revision_history": [{"29": "a62cfc9267aa473c9c994c405c8ac908dc35fc94"}]}